 main	fichierJPG
mainCdS02_Konv019_01	CdS02_Konv019_0002.jpg
mainCdS02_Konv019_01	CdS02_Konv019_0003.jpg
mainCdS02_Konv019_01	CdS02_Konv019_0004.jpg
mainCdS02_Konv019_01	CdS02_Konv019_0005.jpg
mainCdS02_Konv019_01	CdS02_Konv019_0007.jpg
mainCdS02_Konv019_01	CdS02_Konv019_0008.jpg
mainCdS02_Konv019_01	CdS02_Konv019_0009.jpg
mainCdS02_Konv019_01	CdS02_Konv019_0010.jpg
mainCdS02_Konv019_01	CdS02_Konv019_0011.jpg
mainCdS02_Konv019_01	CdS02_Konv019_0012.jpg
mainCdS02_Konv019_01	CdS02_Konv019_0013.jpg
mainCdS02_Konv019_01	CdS02_Konv019_0014.jpg
mainCdS02_Konv019_01	CdS02_Konv019_0015.jpg
mainCdS02_Konv019_01	CdS02_Konv019_0016.jpg
mainCdS02_Konv019_01	CdS02_Konv019_0017.jpg
mainCdS02_Konv019_01	CdS02_Konv019_0018.jpg
mainCdS02_Konv019_01	CdS02_Konv019_0019.jpg
mainCdS02_Konv019_01	CdS02_Konv019_0020.jpg
mainCdS02_Konv019_01	CdS02_Konv019_0022.jpg
mainCdS02_Konv019_01	CdS02_Konv019_0023.jpg
mainCdS02_Konv019_01	CdS02_Konv019_0024.jpg
mainCdS02_Konv019_01	CdS02_Konv019_0025.jpg
mainCdS02_Konv019_01	CdS02_Konv019_0026.jpg
mainCdS02_Konv019_01	CdS02_Konv019_0027.jpg
mainCdS02_Konv019_01	CdS02_Konv019_0028.jpg
mainCdS02_Konv019_01	CdS02_Konv019_0030.jpg
mainCdS02_Konv019_01	CdS02_Konv019_0031.jpg
mainCdS02_Konv019_01	CdS02_Konv019_0032.jpg
mainCdS02_Konv019_01	CdS02_Konv019_0033.jpg
mainCdS02_Konv019_02	CdS02_Konv019_0033.jpg
mainCdS02_Konv019_02	CdS02_Konv019_0033.jpg
mainCdS02_Konv019_02	CdS02_Konv019_0036.jpg
mainCdS02_Konv019_02	CdS02_Konv019_0037.jpg
mainCdS02_Konv019_02	CdS02_Konv019_0039.jpg
mainCdS02_Konv019_02	CdS02_Konv019_0040.jpg
mainCdS02_Konv019_02	CdS02_Konv019_0041.jpg
mainCdS02_Konv019_02	CdS02_Konv019_0042.jpg
mainCdS02_Konv019_02	CdS02_Konv019_0043.jpg
mainCdS02_Konv019_02	CdS02_Konv019_0044.jpg
mainCdS02_Konv019_02	CdS02_Konv019_0045.jpg
mainCdS02_Konv019_02	CdS02_Konv019_0046.jpg
mainCdS02_Konv019_02	CdS02_Konv019_0047.jpg
mainCdS02_Konv019_02	CdS02_Konv019_0048.jpg
mainCdS02_Konv019_02	CdS02_Konv019_0049.jpg
mainCdS02_Konv019_02	CdS02_Konv019_0050.jpg
mainCdS02_Konv019_02	CdS02_Konv019_0051.jpg
mainCdS02_Konv019_02	CdS02_Konv019_0052.jpg
mainCdS02_Konv019_02	CdS02_Konv019_0054.jpg
mainCdS02_Konv019_02	CdS02_Konv019_0055.jpg
mainCdS02_Konv019_02	CdS02_Konv019_0056.jpg
mainCdS02_Konv019_02	CdS02_Konv019_0057.jpg
mainCdS02_Konv019_02	CdS02_Konv019_0058.jpg
mainCdS02_Konv019_02	CdS02_Konv019_0059.jpg
mainCdS02_Konv019_02	CdS02_Konv019_0060.jpg
mainCdS02_Konv019_02	CdS02_Konv019_0061.jpg
mainCdS02_Konv019_02	CdS02_Konv019_0062.jpg
mainCdS02_Konv019_02	CdS02_Konv019_0063.jpg
mainCdS02_Konv019_02	CdS02_Konv019_0064.jpg
mainCdS02_Konv019_02	CdS02_Konv019_0065.jpg
mainCdS02_Konv019_02	CdS02_Konv019_0066.jpg
mainCdS02_Konv019_02	CdS02_Konv019_0067.jpg
mainCdS02_Konv019_02	CdS02_Konv019_0068.jpg
mainCdS02_Konv019_02	CdS02_Konv019_0069.jpg
mainCdS02_Konv019_02	CdS02_Konv019_0070.jpg
mainCdS02_Konv019_02	CdS02_Konv019_0071.jpg
mainCdS02_Konv019_02	CdS02_Konv019_0072.jpg
mainCdS02_Konv019_02	CdS02_Konv019_0073.jpg
mainCdS02_Konv019_02	CdS02_Konv019_0074.jpg
mainCdS02_Konv019_02	CdS02_Konv019_0075.jpg
mainCdS02_Konv019_02	CdS02_Konv019_0076.jpg
mainCdS02_Konv019_02	CdS02_Konv019_0077.jpg
mainCdS02_Konv019_02	CdS02_Konv019_0078.jpg
mainCdS02_Konv019_02	CdS02_Konv019_0079.jpg
mainCdS02_Konv019_02	CdS02_Konv019_0080.jpg
mainCdS02_Konv019_02	CdS02_Konv019_0082.jpg
mainCdS02_Konv019_02	CdS02_Konv019_0083.jpg
mainCdS02_Konv019_02	CdS02_Konv019_0084.jpg
mainCdS02_Konv019_02	CdS02_Konv019_0085.jpg
mainCdS02_Konv019_02	CdS02_Konv019_0086.jpg
mainCdS02_Konv019_02	CdS02_Konv019_0087.jpg
mainCdS02_Konv019_02	CdS02_Konv019_0088.jpg
mainCdS02_Konv019_02	CdS02_Konv019_0089.jpg
mainCdS02_Konv019_02	CdS02_Konv019_0090.jpg
mainCdS02_Konv019_02	CdS02_Konv019_0091.jpg
mainCdS02_Konv019_02	CdS02_Konv019_0092.jpg
mainCdS02_Konv019_02	CdS02_Konv019_0093.jpg
mainCdS02_Konv019_02	CdS02_Konv019_0094.jpg
mainCdS02_Konv019_02	CdS02_Konv019_0095.jpg
mainCdS02_Konv019_02	CdS02_Konv019_0096.jpg
mainCdS02_Konv019_02	CdS02_Konv019_0097.jpg
mainCdS02_Konv019_02	CdS02_Konv019_0098.jpg
mainCdS02_Konv019_02	CdS02_Konv019_0100.jpg
mainCdS02_Konv019_02	CdS02_Konv019_0101.jpg
mainCdS02_Konv019_02	CdS02_Konv019_0102.jpg
mainCdS02_Konv019_02	CdS02_Konv019_0103.jpg
mainCdS02_Konv019_02	CdS02_Konv019_0104.jpg
mainCdS02_Konv019_02	CdS02_Konv019_0105.jpg
mainCdS02_Konv019_02	CdS02_Konv019_0106.jpg
mainCdS02_Konv019_02	CdS02_Konv019_0107.jpg
mainCdS02_Konv019_02	CdS02_Konv019_0108.jpg
mainCdS02_Konv019_02	CdS02_Konv019_0109.jpg
mainCdS02_Konv019_02	CdS02_Konv019_0110.jpg
mainCdS02_Konv019_02	CdS02_Konv019_0111.jpg
mainCdS02_Konv019_02	CdS02_Konv019_0112.jpg
mainCdS02_Konv019_02	CdS02_Konv019_0115.jpg
mainCdS02_Konv019_02	CdS02_Konv019_0116.jpg
mainCdS02_Konv019_02	CdS02_Konv019_0117.jpg
mainCdS02_Konv019_02	CdS02_Konv019_0118.jpg
mainCdS02_Konv019_02	CdS02_Konv019_0119.jpg
mainCdS02_Konv019_02	CdS02_Konv019_0120.jpg
mainCdS02_Konv019_02	CdS02_Konv019_0121.jpg
mainCdS02_Konv019_02	CdS02_Konv019_0122.jpg
mainCdS02_Konv019_02	CdS02_Konv019_0123.jpg
mainCdS02_Konv019_02	CdS02_Konv019_0124.jpg
mainCdS02_Konv019_02	CdS02_Konv019_0125.jpg
mainCdS02_Konv019_02	CdS02_Konv019_0126.jpg
mainCdS02_Konv019_02	CdS02_Konv019_0127.jpg
mainCdS02_Konv019_02	CdS02_Konv019_0128.jpg
mainCdS02_Konv019_02	CdS02_Konv019_0129.jpg
mainCdS02_Konv019_02	CdS02_Konv019_0130.jpg
mainCdS02_Konv019_02	CdS02_Konv019_0131.jpg
mainCdS02_Konv019_02	CdS02_Konv019_0132.jpg
mainCdS02_Konv019_02	CdS02_Konv019_0133.jpg
mainCdS02_Konv019_02	CdS02_Konv019_0138.jpg
mainCdS02_Konv019_02	CdS02_Konv019_0139.jpg
mainCdS02_Konv019_02	CdS02_Konv019_0140.jpg
mainCdS02_Konv019_02	CdS02_Konv019_0141.jpg
mainCdS02_Konv019_02	CdS02_Konv019_0142.jpg
mainCdS02_Konv019_02	CdS02_Konv019_0143.jpg
mainCdS02_Konv019_02	CdS02_Konv019_0144.jpg
mainCdS02_Konv019_02	CdS02_Konv019_0145.jpg
mainCdS02_Konv019_02	CdS02_Konv019_0146.jpg
mainCdS02_Konv019_02	CdS02_Konv019_0147.jpg
mainCdS02_Konv019_02	CdS02_Konv019_0148.jpg
mainCdS02_Konv019_02	CdS02_Konv019_0149.jpg
mainCdS02_Konv002_01	CdS02_Konv002-02_0064.jpg
mainCdS02_Konv002_01	CdS02_Konv002-02_0065.jpg
mainCdS02_Konv002_01	CdS02_Konv002-02_0066.jpg
mainCdS02_Konv002_01	CdS02_Konv002-02_0067.jpg
mainCdS02_Konv002_01	CdS02_Konv002-02_0073.jpg
mainCdS02_Konv002_01	CdS02_Konv002-02_0175.jpg
mainCdS02_Konv002_01	CdS02_Konv002-02_0190.jpg
mainCdS02_Konv002_01	CdS02_Konv002-02_0191.jpg
mainCdS02_Konv002_01	CdS02_Konv002-02_0193.jpg
mainCdS02_Konv002_01	CdS02_Konv002-02_0222.jpg
mainCdS02_Konv002_01	CdS02_Konv002-02_0223.jpg
mainCdS02_Konv002_01	CdS02_Konv002-02_0237.jpg
mainCdS02_Konv002_01	CdS02_Konv002-02_0257.jpg
mainCdS02_Konv002_01	CdS02_Konv002-02_0261.jpg
mainCdS02_Konv002_01	CdS02_Konv002-03_0051.jpg
mainCdS02_Konv002_01	CdS02_Konv002-03_0055.jpg
mainCdS02_Konv002_01	CdS02_Konv002-03_0056.jpg
mainCdS02_Konv002_01	CdS02_Konv002-03_0057.jpg
mainCdS02_Konv002_01	CdS02_Konv002-03_0058.jpg
